user_id,user_key
02445e3b05611b85,1
02d7e9358a810d46,2
02e8f7b0c33be88e,3
03e994e29c20d135,4
0435180e0c345d38,5
05cf31a638f06227,6
06fabfef48f34687,7
07224314810e55aa,8
072a348755cbbc38,9
087a33754f309c57,10
0944a2c02853d47b,11
0a617f6aad8b74ad,12
0ac5a4619bcbffae,13
0aea823e170202ea,14
0b79b857c3765b2e,15
0bbd7ccb1dfe8bb6,16
0c80c00c07aa85eb,17
0c82e5d819b7b05a,18
0c85c2c4649fdfb4,19
0ca5904969f10b1d,20
0e3c612eb42382e6,21
0e4bd368f91f95e4,22
0f08a4a7470621ce,23
104c4e40cb404b4a,24
108753aaf999dcb8,25
1146cb24ebca84e7,26
1178451350f4b7bf,27
1270bfa0b0992e1b,28
13686dd810e7f1fc,29
1391f8836e53c7e6,30
13ed929b3e6d40a1,31
1483fcff29eae192,32
15a1f3a7a52f3803,33
15fc58b80916d39d,34
161dcac1477baec2,35
16a2955b2aca9515,36
16f2c0bfff86144e,37
17ceaea355240c7d,38
184ec505d13ec218,39
18780c033cc89a26,40
1a7d62a5bb66a3e4,41
1b446010eb6f5d3d,42
1b489406560a1c07,43
1b8eeed2d94328d6,44
1bb92436c6eedb6b,45
1bf8aa9944b0cc89,46
1ca359922db03ead,47
1e61421de7871bdb,48
1eca661c6cde4105,49
1f333bdeddace504,50
1f33ab9a98fac38f,51
1fb213cd384f6729,52
204a336eee9c4144,53
20c097ff4ce8c0e6,54
21032b5456410749,55
216239dc990cf51a,56
22af81109f674dc8,57
23693474618a09ae,58
23d439597fe147c3,59
23f9574a126116ca,60
2408278a05de60c6,61
2581b9c43de5fa68,62
263c8e9c64e3ea9b,63
27c5538a4ec91596,64
27c5f551612b3b12,65
2868d8f5577e2a4b,66
28998d1cc0130f5c,67
28c4cf50d0587f11,68
28f5c0feb3f93971,69
29c29d0e36722371,70
2a197e1bcee693ce,71
2a686b387b0e2aec,72
2bbda70ceddb1151,73
2bc621ee4a5d6df7,74
2c1f1fb390db7db1,75
2c97e623547bf7b9,76
2d8755753f5896d9,77
2ddaaaef3fb94a11,78
3012f88193913c83,79
302d2f2c2c28e7b5,80
305e50e6c406a051,81
30a17d63ae34c250,82
30ce499369915932,83
3105e9889ef18ad3,84
31463207523f9897,85
3147f0d803e80140,86
31994fd142cb9d19,87
32b778898021a665,88
335cd9a1dde8a20b,89
343ab98afa739870,90
35bd932450f7e20a,91
36d44fedf5b5dc9d,92
37c257bc3ddc50f4,93
384121c7d9032a33,94
387f690c06b87eed,95
395df8cd6f45bc73,96
3a0a0262fffc9cfd,97
3a8675f33892f399,98
3aaf1c7f7613f1f7,99
3b8584e34ecfed9b,100
3bf47f93d96a6113,101
3d1c62f22a6466b4,102
3da5e65f41190e7e,103
3e99138c676b73e0,104
3f5a2d21f472d1f3,105
3ff2a278b60e6e3d,106
4000894d1115feb4,107
406848c61a328d82,108
40e09f0adc557195,109
42c44862f31c8d09,110
439256ad1d549ead,111
43cb71001c80e2d9,112
43d736253ac1a69a,113
4417b037ed3cd389,114
47d20d846a803ba7,115
4ab1a0c14e0237a4,116
4b0cfb732d282470,117
4b3a61ce73a8659b,118
4cb0d685a7c756ed,119
4cf5d35ab1510fd0,120
4d558e9ef19e3129,121
4f6955a27aac367e,122
50089230e1e5db62,123
512fa6fdad7e4e0a,124
51d9b84ef937278f,125
51ef7b5dd03d684f,126
521c04f2ebf88fab,127
521e7b6361e741ba,128
522872cf3599c692,129
53599334c4f1de22,130
554f34dc0c9deb1d,131
5559344f26935fe6,132
5591611b0b0f3adc,133
55d6d4bbbe902dfa,134
564963e5189ced97,135
564b2d0b9e94967b,136
5819496ddc7ac65b,137
59970ccedbe2eb2d,138
5a75cbcdec3915ed,139
5ad29e2e799e728f,140
5c74e9f9a4c5c169,141
5c827beb12477b79,142
5d01a5da71568057,143
5d71a1280fd8b923,144
5e07c172b37d2665,145
5e45d1b815cfea74,146
5fadfa23e7599290,147
60698588206685ce,148
61ea3740208d1874,149
63275a47c911e445,150
65086ddd904d5de0,151
65266b306b9d18dc,152
6540610d98d5b374,153
65a422701e71fa95,154
65e38538d0e6a06b,155
6677c42af5f89bea,156
68623431fb1abb56,157
687802054df6c54c,158
68f619a8319a7ee4,159
6c51ebe9fa1a8624,160
6c57534716e4af8d,161
6cf94c500da20a0b,162
6d637e29bf7c2aa8,163
6e542f6d1814a828,164
6ee37d8411e1855e,165
6f33348fc0e83439,166
71f87427dfa47999,167
7345165af78b38d7,168
73a132f775d7ec0a,169
73b4b939728915f8,170
73c797619f778f3e,171
73db2985dabd9846,172
747e03529a8be8d1,173
74cf7a7bd18b7d32,174
7553b942618bd974,175
75572023a8745fd5,176
7558910449b9d58e,177
75ed522c9f59998f,178
7655d4e27fb56d22,179
766512743d40b774,180
7683d5c75c632536,181
775d28d371652352,182
77698987d4dcaa2e,183
781585c757388b6d,184
78b00ca9bb98d8fa,185
7949d2b654c99688,186
797f7955a2a81360,187
7a46925ab66f03b8,188
7a737c09e285bda4,189
7b0e4d7e6c413d33,190
7b782308ba922e13,191
7bbaab51b203631d,192
7c9aa0788c1e9e42,193
7d22d4f92721cb22,194
7dbc7283cf70c276,195
7e8635449ca1fa2d,196
7ec0e0f0abd48130,197
7fcf8cb168942910,198
8075ed2ee04db38e,199
807a4bed4c64043a,200
8083b1487af23013,201
81104dfd1b43058c,202
81d3c82a3d22696a,203
821eef43a5bc087b,204
8246ab2dd543a5dc,205
838d1e459a9e4934,206
841278531d075de5,207
84ca20ec12527f04,208
84ee917dc1579d6d,209
853e5a6174aeff46,210
858c9bb6963c2e6d,211
86e93885883e9414,212
870e8525d7251c36,213
87da26cdfd1ef765,214
87f46ef773f98996,215
88b49e7ad035773c,216
88ce61f6b73dedd9,217
88e8e7c005f76a84,218
8913ef47ca5aa951,219
892cdb0daec7ab88,220
89539c3dab450cd3,221
89c196f27cf84a59,222
8aea76f4f4342694,223
8b1dde40cb30dc70,224
8b6d2c71c6570754,225
8c921d5459468bb7,226
8da1f8eda835c10a,227
8e953cec6d573891,228
8e96c45b11b443ba,229
8ebe0d2dfed89c74,230
8fafba82405c19d9,231
8fced380ec2a56c0,232
8fd459fffa1e9fa8,233
9029e4b80031904f,234
90aed91b62f3374d,235
913319776ef2219f,236
916a5e173634039c,237
94007e2d84e7d8e6,238
9409c82689e6d63d,239
94998a9c73acda1e,240
9540c9ecf8c9f9fb,241
95e03f74510cc1b4,242
960bc83e63f29be6,243
96299d42942295f4,244
96c8a849c341d381,245
973b5baff9995fcd,246
97c64c6be4d20cb0,247
9a2768064c8f707f,248
9a9443b8ea53bdca,249
9b00b9fb174843d1,250
9ba2a6472d6ae490,251
9bb172e8ae81a6d7,252
9c1ab0f43034cc24,253
9cda5d1b12944e2b,254
9ce34a235b733dda,255
9d67e6f2be0ec007,256
9eb11444412eeeae,257
9ff7050888d4aa91,258
a1ce3f4d10dfc570,259
a2292c0d50de8158,260
a24dd90c1976665d,261
a2b881a718f02d4a,262
a3506997784f4fa1,263
a39baff97780bfe1,264
a39d732b9ad17960,265
a457f079de8a7c17,266
a47f92beea8c8bd1,267
a5061659b6dcef33,268
a6a6b2815d88a3cd,269
a808d1a6fcc57488,270
a8fb173764e8419b,271
a98cdd1e4486d19d,272
ab6572536851e01c,273
ad6342f6fc3f7744,274
ad82fdb7990c21f6,275
af0fefa25f4409ad,276
b02d1db6ecfc715f,277
b0ad901b21bd2c25,278
b14bfcbaa11a6fd3,279
b285f9398a58af22,280
b328131efc8fb902,281
b43411da32db612b,282
b499f7f2f1f0dc77,283
b785786cb62599c8,284
b7a79e527d695064,285
b7f2d829e4dd7398,286
b8b1ef4b8e5f419b,287
b8c9ed5826e7b1c9,288
b9d7692902701edf,289
b9e9a70f7470ed69,290
baeb2ca07814a651,291
baf49f8702376bf9,292
bb44bd9e9a8d9a55,293
bb60440d07037970,294
bb60934b16dcc8b8,295
beb7144df364b5a9,296
bee1fd02d5a9dd45,297
bfdb8c9ad9a94e48,298
c0c3d7e3ad5a33a9,299
c1895a973d579bd8,300
c2c544b3723bdd42,301
c2cefffe781d450e,302
c3634879ee0ce172,303
c43c212c7adae216,304
c4697f38367e2108,305
c4c5c24128fe733d,306
c5ad357e07bbe472,307
c5e92ed9cb6348c7,308
c62520c15a28ca91,309
c635742b7bae36b3,310
c7518ac9666e0a48,311
c79d4c58f1169890,312
c8ab700fbe7a7653,313
c8bfce297806ad84,314
cacad444cc66def6,315
cbfcd94a4e1cbdba,316
cc149ab6ccef7d14,317
cc50c94764b61efd,318
cc57d4e98421e16a,319
cdcb0911fdefdee7,320
cdd2a05445f6b2a5,321
cee86406b7e0d25b,322
cfdef1ab8148cdcd,323
d0ae53d06763a811,324
d16d25d1760a354c,325
d1e68c1f17d282cb,326
d20180311198c384,327
d3407354a361a9fa,328
d3501804ca752118,329
d3b54d3c910e3dea,330
d3fa149aa12e3784,331
d4504f722e1b4657,332
d52ad7859969a78f,333
d5650f01df8d5621,334
d5f2cef2949e6292,335
d650526346aee940,336
d71abf009045becf,337
d7e44baff5ce9b85,338
d81b7026ad55c4d0,339
d85c6ec3bf289c40,340
d8f4e6a2cf6f3ed1,341
d9b96599c2bac95e,342
da3aeb21531b57eb,343
dafcebc1f3e19217,344
db34722be6db65e5,345
db97095c5244057d,346
dbfdb2109a5586c3,347
dc2282c27324fc18,348
dcd908ed58a91efa,349
ddba025adb4f504b,350
de076eb02092fa06,351
de35c29654c2ae02,352
de3e88befa54fdc1,353
df7f2321f35831b3,354
e0a5e770b9771fe5,355
e0a608857a212d11,356
e1284c7c19613a80,357
e2a9fd0644cc2fe6,358
e48291ce7784c3b8,359
e4ca3e362c0e8d3c,360
e502c18f1b1ca807,361
e5553e9335f7a94c,362
e62c2c5eb287c421,363
e67df441b1fadc98,364
e7021cfef16aede3,365
e7277c0a3de9def9,366
e748ecd817f1d67f,367
e7e63203e3246ed1,368
e8bcfc61f039d45f,369
e90d8c25c17fe4b1,370
e9b3c483b014b2d4,371
ec31f4e84f656274,372
ecfb81a27d4cda04,373
ee027ec3438b3f0f,374
ee4411ed2ffae2f8,375
f12202562bfa1744,376
f1dabc53266e5aa3,377
f2310c4a89e29219,378
f23328cb4919aa13,379
f33daedca7221304,380
f34ee0738353861c,381
f376e870e4763024,382
f383351d70120b93,383
f53134cfaf7297cc,384
f560bf8f7fb1b76d,385
f5e804482121d07b,386
f6a0fe22f093923b,387
f6cfccef58c0dabc,388
f72d477ba2adf5df,389
f779db791df18bf3,390
f82b1f1525af3a18,391
f833a5c2afa28c3a,392
f833edbd82658252,393
f892feb11017f8e1,394
f8e50ef719037ead,395
fa81e687c1b4d0cd,396
fc09e01ea9d1630e,397
fe7c879e693c2f0c,398
ff898101f4323e1c,399
ffe618a927c5cd25,400
